word,time,date
car,12:22,20/07/2024
car wheel,12:22,20/07/2024
carabid,12:22,20/07/2024
carabine,12:22,20/07/2024
badminton,12:23,20/07/2024
zabian,19:08,22/07/2024
zabism,19:08,22/07/2024
zacco,19:08,22/07/2024
zachun,19:08,22/07/2024
zaerthe,19:08,22/07/2024
zaffer,19:08,22/07/2024
zaim,19:08,22/07/2024
zebra,19:20,22/07/2024
badminton,11:26,24/07/2024
cat,11:27,24/07/2024
g,11:27,24/07/2024
gab,11:27,24/07/2024
gabarage,11:27,24/07/2024
gabardine,11:27,24/07/2024
gabber,11:27,24/07/2024
gabbier,11:27,24/07/2024
gabble,11:27,24/07/2024
gabbled,11:27,24/07/2024
gabbling,11:27,24/07/2024
gabbro,11:27,24/07/2024
gabbling,11:27,24/07/2024
gabbled,11:27,24/07/2024
gabble,11:27,24/07/2024
gabbier,11:27,24/07/2024
gabber,11:27,24/07/2024
gabardine,11:27,24/07/2024
gabarage,11:27,24/07/2024
gab,11:27,24/07/2024
g,11:27,24/07/2024
gab,11:27,24/07/2024
gabarage,11:27,24/07/2024
gabardine,11:27,24/07/2024
gabber,11:27,24/07/2024
gabbier,11:27,24/07/2024
gabble,11:27,24/07/2024
gabbled,11:27,24/07/2024
gabbling,11:27,24/07/2024
gabbro,11:27,24/07/2024
gabbling,11:27,24/07/2024
gabbled,11:27,24/07/2024
gabble,11:27,24/07/2024
gabbier,11:27,24/07/2024
gabber,11:27,24/07/2024
gabardine,11:28,24/07/2024
ma,16:23,24/07/2024
ma'am,16:23,24/07/2024
maa,16:23,24/07/2024
maad,16:23,24/07/2024
maalin,16:23,24/07/2024
maara shell,16:23,24/07/2024
maasha,16:23,24/07/2024
maat,16:23,24/07/2024
mabble,16:23,24/07/2024
maat,16:23,24/07/2024
maasha,16:23,24/07/2024
maara shell,16:23,24/07/2024
maalin,16:23,24/07/2024
maad,16:23,24/07/2024
maa,16:23,24/07/2024
ma'am,16:23,24/07/2024
ma,16:23,24/07/2024
m,16:23,24/07/2024
ma,16:23,24/07/2024
ma'am,16:23,24/07/2024
maa,16:23,24/07/2024
maad,16:23,24/07/2024
maalin,16:23,24/07/2024
maara shell,16:23,24/07/2024
maasha,16:23,24/07/2024
maat,16:23,24/07/2024
mabble,16:23,24/07/2024
gabarage,23:34,27/07/2024
car wheel,23:49,27/07/2024
carabine,23:49,27/07/2024
carabineer,23:49,27/07/2024
caraboid,23:49,27/07/2024
hisingerite,23:49,27/07/2024
hispanicism,23:49,27/07/2024
hispanicize,23:49,27/07/2024
hispid,23:49,27/07/2024
hiss,23:49,27/07/2024
hispidulous,23:49,27/07/2024
faair-spoken,23:49,27/07/2024
fabaceous,23:49,27/07/2024
apple,23:49,27/07/2024
nabob,23:49,27/07/2024
l'envoy,00:31,28/07/2024
l'envoy,00:31,28/07/2024
laas,00:31,28/07/2024
kirsome,00:35,28/07/2024
kirtle,00:36,28/07/2024
kirtled,00:36,28/07/2024
runaway,09:07,30/07/2024
draw,09:11,30/07/2024
rabat,17:23,06/08/2024
hunt,16:36,08/08/2024
straight,17:29,08/08/2024
curve,17:29,08/08/2024
d bus,18:14,09/08/2024
d valve,18:14,09/08/2024
a b c,18:55,09/08/2024
amability,18:55,09/08/2024
anharmonic,18:55,09/08/2024
b,19:00,09/08/2024
pacha,11:07,11/08/2024
a b c - book,17:55,12/08/2024
a 1,17:55,12/08/2024
a,17:55,12/08/2024
sauce-alone,10:13,13/08/2024
vaca,10:13,13/08/2024
mabolo,11:38,13/08/2024
garancin,15:02,13/08/2024
high,11:28,14/08/2024
snow,11:28,14/08/2024
tree,11:30,14/08/2024
snow,11:30,14/08/2024
bird,18:23,15/08/2024
bird,18:24,15/08/2024
young,18:26,15/08/2024
young,18:28,15/08/2024
haaf,18:28,15/08/2024
ha-ha,18:28,15/08/2024
abaci,18:29,15/08/2024
horse guards,18:29,15/08/2024
mascot,18:29,15/08/2024
houlet,18:30,15/08/2024
bird,19:31,15/08/2024
high,19:37,15/08/2024
bird,19:38,15/08/2024
dog,19:49,15/08/2024
bird,19:50,15/08/2024
dog,19:57,15/08/2024
under,19:59,15/08/2024
apple,12:21,17/08/2024
a,13:08,17/08/2024
appair,13:09,17/08/2024
dog,13:10,17/08/2024
yachtman,13:15,17/08/2024
applaud,13:15,17/08/2024
daboia,13:16,17/08/2024
appropriate,13:16,17/08/2024
apple,15:58,18/08/2024
apple,15:58,18/08/2024
apple,15:59,18/08/2024
apple,16:00,18/08/2024
apple,16:01,18/08/2024
a,16:02,18/08/2024
doraemon,12:27,20/08/2024
doraemon,12:34,20/08/2024
a,15:02,20/08/2024
run,15:03,20/08/2024
a,15:04,20/08/2024
run,15:04,20/08/2024
a,15:04,20/08/2024
a,15:12,20/08/2024
run,15:13,20/08/2024
a,20:13,21/08/2024
a,20:22,21/08/2024
a,21:10,21/08/2024
a 1,10:45,22/08/2024
doraemon,12:24,22/08/2024
pija,12:26,22/08/2024
vietnam,12:29,22/08/2024
pija,12:34,22/08/2024
pija,12:35,22/08/2024
pacha,13:57,22/08/2024
pacha,14:00,22/08/2024
d,14:02,22/08/2024
pija,14:09,22/08/2024
pija,14:10,22/08/2024
pija,14:10,22/08/2024
pija,14:12,22/08/2024
pija,14:16,22/08/2024
run,14:16,22/08/2024
tank,14:17,22/08/2024
tank,14:17,22/08/2024
tank,14:18,22/08/2024
tank,14:20,22/08/2024
run,14:48,22/08/2024
run,14:57,22/08/2024
run,14:58,22/08/2024
run,15:00,22/08/2024
run,15:05,22/08/2024
run,15:08,22/08/2024
run,15:08,22/08/2024
run,15:09,22/08/2024
a,15:23,22/08/2024
tank,15:23,22/08/2024
tank,15:24,22/08/2024
tank,15:25,22/08/2024
tank,15:25,22/08/2024
d,16:41,22/08/2024
a 1,16:41,22/08/2024
d,16:41,22/08/2024
a 1,16:42,22/08/2024
tank,16:42,22/08/2024
tank,16:42,22/08/2024
tank,16:42,22/08/2024
run,16:42,22/08/2024
run,16:43,22/08/2024
run,16:43,22/08/2024
run,16:44,22/08/2024
run,16:44,22/08/2024
pacha,05:52,24/08/2024
pacha,05:56,24/08/2024
run,09:20,24/08/2024
run,09:39,24/08/2024
run,09:53,24/08/2024
dog,09:56,24/08/2024
dog,09:58,24/08/2024
run,10:05,24/08/2024
dog,10:09,24/08/2024
run,10:11,24/08/2024
ru bible,10:13,24/08/2024
run,10:13,24/08/2024
run,10:17,24/08/2024
runagate,10:18,24/08/2024
run,10:18,24/08/2024
run,10:27,24/08/2024
runagate,10:39,24/08/2024
run,10:40,24/08/2024
dog,10:45,24/08/2024
pacha,11:21,24/08/2024
pacha,11:24,24/08/2024
pacha,11:24,24/08/2024
run,11:28,24/08/2024
doraemon,11:33,24/08/2024
doraemon,11:36,24/08/2024
doraemon,11:38,24/08/2024
pacha,11:52,24/08/2024
pacha,12:00,24/08/2024
doraemon,12:14,24/08/2024
pacha,12:18,24/08/2024
doraemon,12:20,24/08/2024
doraemon,12:21,24/08/2024
doraemon,12:23,24/08/2024
doraemon,12:25,24/08/2024
pacha,12:34,24/08/2024
pacha,13:08,24/08/2024
doraemon,13:10,24/08/2024
doraemon,13:11,24/08/2024
doraemon,13:14,24/08/2024
doraemon,13:20,24/08/2024
pacha,13:20,24/08/2024
pacha,14:12,24/08/2024
pacha,14:17,24/08/2024
pacha,14:19,24/08/2024
pacha,14:21,24/08/2024
pacha,14:23,24/08/2024
pacha,14:25,24/08/2024
pacha,14:28,24/08/2024
pacha,14:31,24/08/2024
prigidity,14:34,24/08/2024
prigidity,14:36,24/08/2024
pacha,14:47,24/08/2024
pacha,14:48,24/08/2024
pacha,14:50,24/08/2024
pacha,14:53,24/08/2024
prigidity,14:53,24/08/2024
pacha,14:56,24/08/2024
pacha,14:57,24/08/2024
prigidity,14:57,24/08/2024
run,14:58,24/08/2024
prigidity,15:02,24/08/2024
dora,15:12,24/08/2024
dora,15:14,24/08/2024
prigidity,15:19,24/08/2024
prigidity,15:31,24/08/2024
prigidity,15:34,24/08/2024
pacha,15:36,24/08/2024
run,15:36,24/08/2024
zero,15:37,24/08/2024
dora,15:39,24/08/2024
dora,15:50,24/08/2024
a,13:05,26/08/2024
Æ°,13:10,26/08/2024
shiba inu,13:20,26/08/2024
shiba inu,13:22,26/08/2024
banh canh,13:30,26/08/2024
dab,13:30,26/08/2024
